MM,DD,01,02,03,04,05,06,07,08,09,10,11,12,13,14,15,16,17,18,19,20,21,22,23,24
01,01,1.56,1.12,0.74,0.48,0.43,0.50,0.69,0.88,1.08,1.29,1.42,1.46,1.41,1.33,1.33,1.40,1.65,1.97,2.29,2.50,2.57,2.57,2.47,2.24
01,02,1.88,1.42,0.99,0.63,0.44,0.45,0.58,0.79,0.97,1.17,1.36,1.45,1.46,1.38,1.32,1.32,1.44,1.72,2.04,2.34,2.50,2.54,2.53,2.40
01,03,2.15,1.75,1.29,0.89,0.57,0.47,0.53,0.70,0.91,1.08,1.27,1.42,1.49,1.47,1.37,1.32,1.32,1.47,1.75,2.06,2.32,2.42,2.46,2.44
01,04,2.29,2.02,1.60,1.18,0.82,0.58,0.55,0.66,0.87,1.04,1.19,1.37,1.49,1.55,1.49,1.39,1.33,1.33,1.49,1.75,2.02,2.22,2.28,2.31
01,05,2.28,2.14,1.86,1.47,1.11,0.80,0.66,0.69,0.84,1.04,1.19,1.33,1.48,1.59,1.62,1.54,1.44,1.35,1.34,1.48,1.68,1.91,2.04,2.09
01,06,2.11,2.08,1.95,1.69,1.37,1.07,0.84,0.78,0.86,1.04,1.23,1.35,1.48,1.61,1.71,1.72,1.62,1.49,1.36,1.33,1.41,1.56,1.72,1.80
01,07,1.84,1.86,1.85,1.75,1.54,1.30,1.08,0.93,0.94,1.05,1.25,1.41,1.53,1.65,1.77,1.86,1.84,1.72,1.54,1.36,1.28,1.29,1.38,1.48
01,08,1.53,1.56,1.59,1.62,1.57,1.44,1.28,1.13,1.06,1.10,1.24,1.44,1.60,1.73,1.84,1.94,2.01,1.96,1.80,1.57,1.34,1.18,1.11,1.14
01,09,1.20,1.25,1.29,1.35,1.42,1.44,1.38,1.30,1.21,1.18,1.25,1.41,1.62,1.80,1.93,2.03,2.12,2.15,2.07,1.87,1.58,1.28,1.04,0.91
01,10,0.90,0.93,0.99,1.06,1.16,1.29,1.36,1.37,1.33,1.28,1.28,1.36,1.55,1.78,1.98,2.12,2.21,2.28,2.28,2.16,1.90,1.55,1.18,0.87
01,11,0.69,0.66,0.71,0.80,0.91,1.06,1.23,1.34,1.39,1.37,1.34,1.34,1.44,1.65,1.91,2.13,2.28,2.36,2.41,2.38,2.21,1.90,1.49,1.06
01,12,0.70,0.51,0.48,0.56,0.69,0.84,1.03,1.23,1.36,1.41,1.39,1.35,1.36,1.48,1.73,2.01,2.25,2.40,2.46,2.50,2.43,2.23,1.86,1.40
01,13,0.93,0.55,0.37,0.37,0.50,0.68,0.86,1.08,1.28,1.39,1.42,1.37,1.34,1.35,1.50,1.78,2.08,2.33,2.46,2.52,2.54,2.44,2.19,1.77
01,14,1.29,0.81,0.44,0.31,0.36,0.55,0.75,0.95,1.18,1.34,1.42,1.40,1.34,1.30,1.33,1.52,1.82,2.13,2.37,2.47,2.53,2.52,2.39,2.09
01,15,1.64,1.16,0.69,0.39,0.32,0.44,0.67,0.88,1.08,1.28,1.39,1.43,1.36,1.30,1.26,1.33,1.56,1.86,2.17,2.36,2.44,2.49,2.44,2.28
01,16,1.94,1.48,1.02,0.61,0.41,0.42,0.60,0.84,1.03,1.22,1.37,1.44,1.42,1.33,1.27,1.24,1.35,1.60,1.90,2.18,2.31,2.36,2.39,2.31
01,17,2.11,1.74,1.31,0.90,0.59,0.49,0.58,0.81,1.03,1.19,1.35,1.44,1.47,1.41,1.31,1.25,1.25,1.40,1.66,1.93,2.13,2.21,2.25,2.23
01,18,2.13,1.89,1.53,1.16,0.82,0.63,0.64,0.79,1.02,1.20,1.33,1.44,1.50,1.50,1.40,1.31,1.25,1.29,1.46,1.69,1.91,2.04,2.07,2.08
01,19,2.04,1.91,1.66,1.34,1.04,0.81,0.74,0.83,1.01,1.21,1.35,1.45,1.53,1.56,1.52,1.42,1.33,1.28,1.34,1.50,1.68,1.83,1.89,1.89
01,20,1.88,1.82,1.68,1.45,1.21,0.99,0.86,0.89,1.03,1.22,1.38,1.48,1.56,1.61,1.61,1.55,1.45,1.36,1.32,1.37,1.49,1.61,1.69,1.70
01,21,1.68,1.65,1.59,1.47,1.30,1.13,1.01,0.97,1.06,1.22,1.39,1.52,1.60,1.67,1.70,1.68,1.61,1.50,1.39,1.34,1.36,1.42,1.47,1.49
01,22,1.48,1.45,1.44,1.39,1.32,1.22,1.13,1.08,1.11,1.23,1.38,1.53,1.65,1.72,1.78,1.79,1.75,1.66,1.53,1.41,1.32,1.29,1.29,1.29
01,23,1.28,1.26,1.25,1.26,1.26,1.24,1.20,1.17,1.18,1.24,1.37,1.52,1.66,1.78,1.85,1.89,1.88,1.82,1.71,1.54,1.38,1.25,1.17,1.12
01,24,1.08,1.06,1.06,1.10,1.15,1.19,1.23,1.24,1.24,1.27,1.34,1.48,1.63,1.78,1.90,1.98,2.01,1.97,1.88,1.73,1.53,1.31,1.13,1.00
01,25,0.92,0.88,0.88,0.93,1.01,1.11,1.20,1.27,1.29,1.30,1.33,1.42,1.56,1.73,1.91,2.04,2.11,2.12,2.06,1.93,1.72,1.47,1.20,0.97
01,26,0.81,0.72,0.71,0.76,0.86,1.00,1.14,1.25,1.32,1.34,1.34,1.36,1.46,1.63,1.83,2.03,2.17,2.24,2.23,2.13,1.95,1.69,1.37,1.06
01,27,0.79,0.62,0.56,0.60,0.71,0.87,1.05,1.21,1.32,1.37,1.36,1.34,1.36,1.48,1.69,1.93,2.16,2.31,2.35,2.32,2.19,1.96,1.63,1.25
01,28,0.90,0.61,0.47,0.46,0.56,0.74,0.94,1.14,1.30,1.39,1.39,1.34,1.30,1.33,1.48,1.74,2.03,2.28,2.41,2.45,2.39,2.22,1.94,1.54
01,29,1.12,0.73,0.46,0.38,0.44,0.62,0.83,1.05,1.25,1.38,1.43,1.38,1.28,1.24,1.28,1.49,1.80,2.13,2.38,2.48,2.51,2.43,2.22,1.87
01,30,1.41,0.98,0.59,0.38,0.37,0.51,0.75,0.97,1.18,1.37,1.45,1.45,1.33,1.22,1.16,1.23,1.50,1.85,2.20,2.42,2.50,2.53,2.42,2.17
01,31,1.75,1.28,0.84,0.50,0.38,0.46,0.68,0.94,1.13,1.33,1.47,1.51,1.44,1.27,1.14,1.08,1.20,1.51,1.88,2.22,2.38,2.46,2.47,2.33
02,01,2.05,1.59,1.14,0.74,0.48,0.48,0.64,0.91,1.14,1.30,1.48,1.57,1.56,1.42,1.23,1.08,1.02,1.20,1.51,1.87,2.15,2.27,2.35,2.34
02,02,2.18,1.86,1.42,1.02,0.69,0.57,0.67,0.90,1.17,1.34,1.48,1.62,1.67,1.61,1.41,1.21,1.04,1.01,1.20,1.49,1.80,2.00,2.08,2.15
02,03,2.12,1.96,1.65,1.27,0.96,0.73,0.74,0.91,1.17,1.40,1.52,1.65,1.74,1.76,1.66,1.44,1.22,1.04,1.02,1.18,1.42,1.66,1.77,1.84
02,04,1.89,1.86,1.72,1.45,1.18,0.96,0.86,0.96,1.17,1.43,1.60,1.69,1.79,1.86,1.85,1.71,1.49,1.25,1.06,1.03,1.13,1.30,1.44,1.50
02,05,1.56,1.60,1.59,1.49,1.31,1.15,1.03,1.04,1.18,1.40,1.63,1.76,1.83,1.91,1.96,1.93,1.79,1.56,1.31,1.10,1.02,1.04,1.13,1.19
02,06,1.22,1.27,1.32,1.35,1.32,1.25,1.18,1.15,1.22,1.37,1.58,1.77,1.87,1.95,2.01,2.05,2.02,1.87,1.64,1.36,1.12,0.98,0.92,0.93
02,07,0.94,0.96,1.01,1.10,1.19,1.24,1.25,1.26,1.27,1.36,1.50,1.68,1.85,1.96,2.04,2.09,2.13,2.10,1.96,1.71,1.40,1.11,0.89,0.77
02,08,0.72,0.72,0.76,0.84,0.97,1.12,1.23,1.30,1.33,1.36,1.43,1.54,1.72,1.89,2.02,2.11,2.18,2.22,2.18,2.03,1.76,1.41,1.07,0.78
02,09,0.61,0.55,0.57,0.65,0.78,0.96,1.14,1.28,1.36,1.38,1.39,1.42,1.53,1.71,1.90,2.07,2.18,2.25,2.30,2.25,2.08,1.77,1.38,0.98
02,10,0.65,0.47,0.44,0.52,0.66,0.82,1.02,1.21,1.34,1.40,1.38,1.36,1.36,1.47,1.67,1.91,2.11,2.24,2.32,2.35,2.29,2.08,1.73,1.30
02,11,0.86,0.53,0.39,0.41,0.57,0.75,0.94,1.15,1.31,1.40,1.40,1.34,1.28,1.27,1.41,1.65,1.93,2.16,2.28,2.36,2.38,2.28,2.02,1.62
02,12,1.18,0.74,0.45,0.38,0.49,0.71,0.92,1.11,1.29,1.41,1.44,1.36,1.26,1.18,1.19,1.37,1.66,1.97,2.18,2.29,2.36,2.35,2.21,1.90
02,13,1.47,1.03,0.63,0.43,0.46,0.66,0.92,1.11,1.29,1.42,1.48,1.43,1.30,1.18,1.09,1.15,1.38,1.70,2.00,2.17,2.26,2.32,2.27,2.08
02,14,1.71,1.30,0.88,0.57,0.50,0.63,0.90,1.14,1.30,1.44,1.52,1.51,1.39,1.23,1.10,1.04,1.16,1.43,1.75,2.01,2.13,2.20,2.22,2.12
02,15,1.87,1.50,1.12,0.77,0.60,0.65,0.87,1.15,1.34,1.47,1.56,1.58,1.51,1.33,1.16,1.04,1.03,1.22,1.49,1.78,1.96,2.03,2.09,2.06
02,16,1.92,1.64,1.30,0.98,0.75,0.72,0.88,1.14,1.38,1.51,1.60,1.65,1.61,1.48,1.28,1.11,1.01,1.07,1.28,1.54,1.76,1.86,1.90,1.92
02,17,1.86,1.69,1.42,1.14,0.92,0.82,0.92,1.14,1.39,1.56,1.64,1.70,1.69,1.61,1.44,1.25,1.09,1.03,1.13,1.32,1.53,1.66,1.71,1.73
02,18,1.72,1.63,1.46,1.25,1.06,0.94,0.97,1.15,1.38,1.58,1.69,1.75,1.77,1.72,1.60,1.42,1.24,1.10,1.07,1.17,1.32,1.45,1.51,1.53
02,19,1.54,1.51,1.42,1.29,1.16,1.06,1.05,1.16,1.36,1.57,1.72,1.79,1.82,1.81,1.73,1.59,1.42,1.25,1.12,1.10,1.17,1.26,1.31,1.33
02,20,1.33,1.34,1.32,1.26,1.20,1.15,1.13,1.19,1.34,1.54,1.70,1.81,1.86,1.87,1.84,1.75,1.61,1.44,1.26,1.14,1.10,1.11,1.14,1.14
02,21,1.14,1.15,1.17,1.18,1.18,1.19,1.20,1.24,1.34,1.48,1.65,1.78,1.87,1.92,1.93,1.88,1.78,1.64,1.46,1.28,1.14,1.05,1.01,0.98
02,22,0.95,0.96,1.00,1.06,1.12,1.18,1.24,1.29,1.35,1.44,1.57,1.71,1.82,1.92,1.97,1.99,1.94,1.83,1.68,1.49,1.28,1.10,0.96,0.87
02,23,0.80,0.79,0.82,0.91,1.03,1.14,1.24,1.32,1.37,1.42,1.48,1.59,1.72,1.85,1.97,2.05,2.07,2.02,1.90,1.73,1.50,1.25,1.02,0.83
02,24,0.70,0.64,0.67,0.76,0.91,1.07,1.21,1.32,1.39,1.41,1.43,1.47,1.56,1.71,1.88,2.04,2.14,2.18,2.12,1.98,1.77,1.49,1.19,0.90
02,25,0.67,0.55,0.53,0.62,0.78,0.98,1.17,1.31,1.41,1.43,1.40,1.37,1.39,1.50,1.70,1.93,2.13,2.25,2.28,2.22,2.06,1.80,1.45,1.09
02,26,0.76,0.53,0.45,0.50,0.68,0.89,1.11,1.30,1.42,1.47,1.42,1.33,1.26,1.27,1.43,1.69,1.99,2.23,2.35,2.38,2.30,2.10,1.78,1.37
02,27,0.97,0.62,0.43,0.43,0.58,0.83,1.06,1.27,1.44,1.52,1.50,1.36,1.21,1.11,1.14,1.37,1.70,2.05,2.29,2.40,2.43,2.33,2.10,1.71
02,28,1.25,0.84,0.51,0.42,0.53,0.78,1.06,1.27,1.46,1.59,1.60,1.48,1.26,1.07,0.94,1.03,1.32,1.70,2.07,2.28,2.39,2.42,2.30,2.02
03,01,1.57,1.13,0.73,0.50,0.54,0.75,1.06,1.31,1.49,1.65,1.71,1.65,1.43,1.15,0.92,0.80,0.96,1.29,1.69,2.02,2.19,2.31,2.33,2.18
03,02,1.85,1.41,1.01,0.69,0.60,0.76,1.05,1.37,1.56,1.70,1.82,1.82,1.67,1.37,1.06,0.80,0.72,0.92,1.26,1.64,1.89,2.03,2.15,2.15
03,03,1.98,1.64,1.26,0.94,0.74,0.80,1.05,1.38,1.65,1.77,1.89,1.95,1.89,1.67,1.32,1.00,0.74,0.71,0.91,1.22,1.52,1.69,1.82,1.93
03,04,1.91,1.74,1.44,1.15,0.94,0.88,1.07,1.36,1.67,1.86,1.94,2.03,2.04,1.93,1.66,1.31,0.98,0.75,0.75,0.91,1.14,1.35,1.46,1.57
03,05,1.66,1.64,1.50,1.29,1.12,1.02,1.10,1.33,1.62,1.88,1.98,2.04,2.10,2.07,1.94,1.67,1.34,1.02,0.81,0.79,0.88,1.03,1.14,1.21
03,06,1.31,1.39,1.40,1.32,1.22,1.16,1.17,1.32,1.55,1.80,1.97,2.04,2.09,2.11,2.09,1.96,1.70,1.41,1.10,0.90,0.82,0.83,0.90,0.94
03,07,0.99,1.08,1.17,1.23,1.24,1.24,1.26,1.33,1.48,1.67,1.86,1.98,2.04,2.08,2.11,2.09,1.98,1.77,1.49,1.19,0.96,0.82,0.76,0.75
03,08,0.76,0.82,0.91,1.03,1.15,1.24,1.31,1.37,1.44,1.56,1.70,1.84,1.94,2.01,2.06,2.10,2.11,2.02,1.84,1.57,1.26,0.99,0.78,0.67
03,09,0.63,0.65,0.72,0.85,1.01,1.17,1.30,1.39,1.44,1.49,1.54,1.64,1.76,1.87,1.97,2.05,2.11,2.14,2.07,1.89,1.62,1.29,0.97,0.71
03,10,0.58,0.55,0.61,0.73,0.89,1.08,1.26,1.38,1.45,1.46,1.45,1.45,1.52,1.65,1.81,1.95,2.05,2.13,2.17,2.11,1.92,1.62,1.26,0.90
03,11,0.63,0.52,0.54,0.67,0.84,1.02,1.21,1.37,1.46,1.47,1.42,1.35,1.32,1.40,1.57,1.77,1.95,2.08,2.16,2.19,2.11,1.90,1.56,1.17
03,12,0.80,0.56,0.51,0.62,0.82,1.02,1.20,1.37,1.48,1.51,1.44,1.32,1.21,1.18,1.29,1.52,1.77,1.97,2.09,2.18,2.19,2.07,1.81,1.44
03,13,1.05,0.70,0.54,0.60,0.80,1.05,1.24,1.40,1.52,1.57,1.51,1.36,1.19,1.06,1.06,1.24,1.52,1.80,1.98,2.09,2.16,2.14,1.98,1.66
03,14,1.29,0.92,0.65,0.61,0.77,1.05,1.29,1.45,1.58,1.64,1.61,1.46,1.25,1.06,0.94,1.01,1.24,1.55,1.82,1.96,2.06,2.11,2.04,1.82
03,15,1.48,1.13,0.82,0.68,0.77,1.03,1.33,1.52,1.64,1.72,1.71,1.59,1.36,1.12,0.93,0.87,1.01,1.28,1.59,1.79,1.90,2.00,2.00,1.88
03,16,1.62,1.30,1.01,0.80,0.81,1.02,1.32,1.58,1.71,1.79,1.81,1.72,1.52,1.25,1.01,0.84,0.86,1.06,1.33,1.59,1.73,1.83,1.89,1.85
03,17,1.69,1.42,1.15,0.95,0.88,1.03,1.31,1.60,1.77,1.85,1.89,1.84,1.68,1.43,1.14,0.91,0.80,0.90,1.11,1.36,1.54,1.63,1.72,1.75
03,18,1.67,1.49,1.26,1.08,0.98,1.06,1.30,1.58,1.81,1.90,1.94,1.93,1.81,1.61,1.32,1.06,0.86,0.82,0.95,1.14,1.33,1.44,1.52,1.59
03,19,1.58,1.48,1.32,1.17,1.08,1.10,1.28,1.55,1.79,1.94,1.98,1.99,1.92,1.76,1.52,1.25,1.01,0.86,0.86,0.98,1.14,1.25,1.32,1.39
03,20,1.44,1.41,1.33,1.23,1.17,1.16,1.28,1.50,1.74,1.92,2.00,2.02,1.99,1.89,1.70,1.46,1.21,1.00,0.89,0.90,0.99,1.08,1.14,1.19
03,21,1.25,1.29,1.28,1.24,1.22,1.23,1.30,1.45,1.66,1.86,1.97,2.02,2.02,1.97,1.85,1.66,1.43,1.21,1.02,0.92,0.91,0.95,0.98,1.01
03,22,1.06,1.13,1.19,1.21,1.23,1.27,1.33,1.43,1.58,1.75,1.90,1.97,2.01,2.01,1.96,1.84,1.66,1.45,1.23,1.05,0.94,0.88,0.87,0.86
03,23,0.88,0.95,1.04,1.14,1.22,1.29,1.36,1.44,1.53,1.64,1.77,1.88,1.95,2.00,2.01,1.98,1.87,1.69,1.49,1.27,1.07,0.91,0.81,0.76
03,24,0.74,0.78,0.88,1.03,1.17,1.28,1.38,1.45,1.50,1.55,1.62,1.72,1.82,1.92,2.00,2.04,2.03,1.93,1.76,1.54,1.29,1.05,0.85,0.71
03,25,0.65,0.65,0.75,0.90,1.09,1.26,1.38,1.47,1.51,1.50,1.50,1.53,1.62,1.75,1.90,2.03,2.11,2.10,2.01,1.83,1.58,1.29,1.00,0.76
03,26,0.61,0.57,0.64,0.80,1.01,1.22,1.39,1.50,1.54,1.50,1.42,1.36,1.37,1.50,1.69,1.90,2.08,2.18,2.19,2.09,1.89,1.60,1.25,0.93
03,27,0.66,0.54,0.58,0.73,0.97,1.19,1.40,1.55,1.61,1.57,1.43,1.27,1.16,1.18,1.36,1.63,1.92,2.12,2.22,2.24,2.14,1.91,1.57,1.18
03,28,0.83,0.59,0.56,0.69,0.95,1.22,1.43,1.61,1.71,1.70,1.55,1.30,1.08,0.93,0.99,1.24,1.58,1.91,2.11,2.22,2.26,2.14,1.88,1.48
03,29,1.09,0.76,0.60,0.69,0.93,1.26,1.51,1.69,1.83,1.86,1.74,1.48,1.15,0.86,0.71,0.83,1.14,1.53,1.85,2.03,2.17,2.20,2.07,1.77
03,30,1.37,1.01,0.74,0.71,0.93,1.26,1.60,1.79,1.93,2.02,1.96,1.75,1.37,0.99,0.66,0.55,0.73,1.06,1.45,1.73,1.90,2.06,2.07,1.92
03,31,1.60,1.25,0.96,0.81,0.94,1.24,1.62,1.91,2.03,2.14,2.16,2.02,1.71,1.27,0.86,0.53,0.47,0.67,1.00,1.34,1.55,1.73,1.89,1.89
04,01,1.73,1.43,1.17,0.98,0.97,1.22,1.57,1.93,2.12,2.20,2.27,2.23,2.03,1.66,1.20,0.78,0.49,0.48,0.66,0.94,1.20,1.35,1.54,1.68
04,02,1.67,1.52,1.30,1.15,1.07,1.20,1.50,1.84,2.13,2.23,2.28,2.32,2.24,2.00,1.61,1.17,0.78,0.53,0.53,0.66,0.87,1.04,1.17,1.35
04,03,1.46,1.46,1.36,1.24,1.19,1.22,1.43,1.72,2.01,2.20,2.25,2.29,2.29,2.19,1.96,1.59,1.20,0.83,0.63,0.60,0.67,0.80,0.89,1.02
04,04,1.17,1.27,1.31,1.28,1.26,1.28,1.38,1.60,1.84,2.05,2.16,2.19,2.23,2.22,2.13,1.92,1.60,1.26,0.93,0.74,0.65,0.67,0.72,0.79
04,05,0.90,1.04,1.16,1.24,1.28,1.33,1.40,1.51,1.68,1.85,1.99,2.05,2.09,2.13,2.13,2.08,1.90,1.64,1.33,1.04,0.82,0.69,0.65,0.67
04,06,0.73,0.84,0.98,1.13,1.26,1.35,1.43,1.49,1.57,1.67,1.77,1.86,1.92,1.98,2.03,2.06,2.04,1.91,1.68,1.40,1.11,0.86,0.70,0.63
04,07,0.65,0.72,0.85,1.01,1.19,1.34,1.44,1.50,1.53,1.54,1.57,1.63,1.71,1.80,1.88,1.96,2.01,2.01,1.91,1.70,1.43,1.12,0.86,0.68
04,08,0.63,0.68,0.80,0.96,1.13,1.31,1.45,1.53,1.54,1.50,1.45,1.42,1.47,1.57,1.70,1.82,1.92,1.99,2.00,1.90,1.69,1.41,1.09,0.82
04,09,0.67,0.66,0.78,0.95,1.13,1.31,1.47,1.57,1.58,1.52,1.41,1.30,1.25,1.32,1.47,1.64,1.79,1.89,1.97,1.97,1.86,1.64,1.34,1.02
04,10,0.78,0.68,0.77,0.95,1.17,1.35,1.50,1.62,1.65,1.59,1.44,1.27,1.13,1.09,1.21,1.40,1.61,1.76,1.87,1.94,1.92,1.79,1.54,1.23
04,11,0.95,0.76,0.77,0.95,1.20,1.43,1.58,1.69,1.75,1.70,1.54,1.32,1.10,0.96,0.97,1.14,1.38,1.60,1.73,1.84,1.90,1.85,1.68,1.41
04,12,1.13,0.89,0.81,0.94,1.20,1.48,1.67,1.78,1.85,1.82,1.68,1.43,1.16,0.93,0.82,0.90,1.12,1.38,1.57,1.69,1.80,1.84,1.75,1.54
04,13,1.27,1.04,0.89,0.95,1.18,1.49,1.74,1.87,1.94,1.94,1.83,1.60,1.28,0.99,0.78,0.74,0.89,1.13,1.37,1.52,1.65,1.75,1.74,1.62
04,14,1.39,1.17,1.00,0.99,1.17,1.47,1.77,1.95,2.01,2.04,1.96,1.77,1.46,1.13,0.84,0.67,0.72,0.90,1.14,1.34,1.46,1.60,1.67,1.62
04,15,1.47,1.27,1.11,1.05,1.17,1.44,1.75,1.99,2.08,2.11,2.08,1.92,1.66,1.31,0.98,0.72,0.64,0.74,0.93,1.14,1.28,1.41,1.54,1.57
04,16,1.49,1.34,1.20,1.13,1.17,1.40,1.70,1.97,2.12,2.15,2.14,2.05,1.84,1.53,1.17,0.87,0.66,0.65,0.78,0.95,1.11,1.22,1.36,1.46
04,17,1.45,1.37,1.26,1.19,1.21,1.35,1.62,1.90,2.11,2.17,2.17,2.13,1.98,1.73,1.40,1.07,0.80,0.66,0.69,0.80,0.94,1.06,1.16,1.29
04,18,1.36,1.35,1.29,1.24,1.25,1.33,1.54,1.80,2.03,2.15,2.17,2.15,2.07,1.89,1.63,1.31,1.02,0.79,0.70,0.72,0.81,0.91,0.99,1.10
04,19,1.22,1.28,1.29,1.27,1.29,1.35,1.48,1.68,1.90,2.07,2.13,2.13,2.11,2.01,1.82,1.56,1.27,1.01,0.81,0.73,0.74,0.79,0.85,0.93
04,20,1.04,1.16,1.24,1.29,1.32,1.37,1.45,1.59,1.76,1.92,2.03,2.07,2.08,2.05,1.96,1.78,1.53,1.27,1.03,0.85,0.75,0.73,0.75,0.79
04,21,0.88,1.01,1.14,1.26,1.34,1.40,1.46,1.53,1.63,1.75,1.87,1.95,2.00,2.03,2.02,1.94,1.78,1.55,1.30,1.05,0.87,0.74,0.70,0.71
04,22,0.76,0.87,1.02,1.19,1.34,1.43,1.49,1.53,1.55,1.59,1.66,1.76,1.85,1.93,1.99,2.01,1.96,1.81,1.59,1.33,1.07,0.86,0.71,0.66
04,23,0.69,0.78,0.93,1.12,1.32,1.46,1.54,1.57,1.53,1.49,1.46,1.50,1.61,1.74,1.87,1.97,2.02,1.98,1.84,1.63,1.35,1.07,0.84,0.68
04,24,0.66,0.74,0.89,1.10,1.30,1.49,1.61,1.65,1.60,1.47,1.34,1.26,1.29,1.43,1.62,1.81,1.95,2.02,2.00,1.87,1.65,1.35,1.05,0.80
04,25,0.68,0.72,0.88,1.11,1.35,1.55,1.71,1.78,1.73,1.57,1.34,1.13,1.00,1.05,1.25,1.50,1.75,1.90,1.99,2.00,1.87,1.63,1.31,1.01
04,26,0.79,0.73,0.88,1.13,1.43,1.65,1.81,1.93,1.92,1.78,1.49,1.16,0.88,0.73,0.83,1.08,1.39,1.65,1.81,1.94,1.96,1.83,1.58,1.26
04,27,0.99,0.82,0.87,1.13,1.46,1.77,1.95,2.07,2.13,2.03,1.78,1.38,0.97,0.63,0.50,0.64,0.93,1.27,1.51,1.69,1.85,1.88,1.75,1.49
04,28,1.20,0.99,0.91,1.10,1.44,1.81,2.08,2.20,2.28,2.27,2.09,1.73,1.25,0.79,0.43,0.35,0.52,0.82,1.14,1.35,1.55,1.73,1.75,1.63
04,29,1.38,1.16,1.03,1.07,1.37,1.75,2.11,2.30,2.37,2.43,2.34,2.09,1.66,1.14,0.66,0.32,0.29,0.45,0.74,1.01,1.20,1.43,1.60,1.61
04,30,1.49,1.29,1.16,1.12,1.28,1.63,2.00,2.30,2.40,2.46,2.48,2.35,2.05,1.57,1.07,0.60,0.32,0.30,0.44,0.69,0.89,1.08,1.31,1.45
05,01,1.47,1.37,1.25,1.20,1.25,1.49,1.83,2.15,2.36,2.41,2.46,2.44,2.29,1.97,1.51,1.04,0.61,0.38,0.36,0.47,0.66,0.81,1.00,1.21
05,02,1.33,1.36,1.30,1.26,1.28,1.39,1.65,1.94,2.18,2.30,2.34,2.38,2.34,2.20,1.89,1.47,1.05,0.68,0.49,0.45,0.52,0.65,0.78,0.96
05,03,1.13,1.25,1.30,1.30,1.32,1.37,1.51,1.73,1.94,2.11,2.18,2.22,2.25,2.22,2.09,1.81,1.46,1.09,0.77,0.59,0.53,0.57,0.66,0.78
05,04,0.95,1.10,1.24,1.31,1.35,1.40,1.46,1.58,1.72,1.87,1.97,2.02,2.06,2.10,2.08,1.98,1.75,1.46,1.13,0.86,0.68,0.60,0.63,0.71
05,05,0.83,0.98,1.14,1.29,1.38,1.44,1.48,1.51,1.57,1.65,1.73,1.80,1.86,1.91,1.95,1.96,1.89,1.70,1.45,1.17,0.91,0.74,0.67,0.69
05,06,0.79,0.92,1.07,1.24,1.39,1.48,1.52,1.53,1.51,1.50,1.52,1.57,1.64,1.70,1.77,1.83,1.86,1.81,1.65,1.43,1.17,0.94,0.78,0.72
05,07,0.78,0.91,1.06,1.23,1.39,1.52,1.59,1.59,1.53,1.44,1.38,1.36,1.40,1.49,1.57,1.66,1.73,1.77,1.74,1.60,1.40,1.15,0.94,0.81
05,08,0.80,0.91,1.08,1.26,1.43,1.56,1.66,1.67,1.61,1.47,1.33,1.22,1.18,1.25,1.36,1.47,1.58,1.65,1.70,1.67,1.54,1.34,1.11,0.93
05,09,0.85,0.92,1.10,1.31,1.50,1.64,1.74,1.78,1.72,1.57,1.36,1.17,1.04,1.02,1.12,1.26,1.40,1.50,1.59,1.65,1.60,1.47,1.27,1.07
05,10,0.94,0.93,1.09,1.33,1.57,1.73,1.83,1.89,1.85,1.70,1.47,1.21,0.98,0.86,0.89,1.02,1.19,1.33,1.44,1.55,1.59,1.53,1.38,1.20
05,11,1.04,0.98,1.08,1.32,1.60,1.82,1.93,1.99,1.98,1.86,1.63,1.32,1.02,0.80,0.72,0.80,0.96,1.14,1.28,1.41,1.52,1.54,1.46,1.30
05,12,1.15,1.05,1.09,1.29,1.58,1.86,2.02,2.09,2.10,2.01,1.81,1.50,1.14,0.84,0.64,0.63,0.75,0.93,1.10,1.24,1.40,1.49,1.48,1.38
05,13,1.23,1.12,1.11,1.25,1.53,1.84,2.07,2.16,2.18,2.14,1.98,1.70,1.33,0.97,0.68,0.54,0.59,0.73,0.92,1.08,1.23,1.39,1.45,1.42
05,14,1.30,1.19,1.15,1.22,1.46,1.77,2.05,2.21,2.24,2.23,2.12,1.89,1.55,1.16,0.81,0.56,0.50,0.59,0.75,0.92,1.06,1.24,1.37,1.40
05,15,1.35,1.24,1.19,1.21,1.38,1.67,1.97,2.19,2.27,2.26,2.22,2.05,1.77,1.40,1.01,0.70,0.51,0.51,0.61,0.77,0.92,1.06,1.24,1.34
05,16,1.35,1.29,1.23,1.23,1.32,1.55,1.84,2.10,2.25,2.27,2.25,2.16,1.95,1.64,1.26,0.91,0.64,0.51,0.54,0.64,0.79,0.91,1.07,1.23
05,17,1.30,1.31,1.27,1.25,1.30,1.44,1.69,1.95,2.15,2.23,2.24,2.21,2.08,1.85,1.53,1.17,0.85,0.62,0.54,0.57,0.67,0.80,0.92,1.08
05,18,1.21,1.28,1.30,1.29,1.32,1.39,1.54,1.77,1.98,2.13,2.18,2.18,2.13,2.00,1.77,1.45,1.12,0.83,0.64,0.58,0.61,0.70,0.80,0.93
05,19,1.08,1.22,1.31,1.34,1.35,1.39,1.46,1.60,1.78,1.95,2.06,2.09,2.10,2.05,1.93,1.70,1.40,1.10,0.83,0.67,0.61,0.64,0.73,0.83
05,20,0.96,1.12,1.27,1.37,1.41,1.43,1.45,1.49,1.59,1.72,1.86,1.94,1.99,2.01,1.98,1.87,1.66,1.38,1.09,0.85,0.70,0.64,0.69,0.78
05,21,0.89,1.04,1.21,1.38,1.48,1.51,1.50,1.46,1.45,1.49,1.59,1.71,1.80,1.87,1.91,1.91,1.82,1.63,1.37,1.10,0.87,0.73,0.69,0.76
05,22,0.87,1.02,1.19,1.37,1.53,1.61,1.61,1.53,1.42,1.34,1.32,1.39,1.52,1.64,1.74,1.81,1.83,1.77,1.60,1.37,1.11,0.90,0.77,0.76
05,23,0.88,1.05,1.24,1.42,1.60,1.73,1.75,1.68,1.52,1.31,1.16,1.09,1.16,1.30,1.46,1.60,1.69,1.75,1.72,1.58,1.37,1.12,0.93,0.83
05,24,0.88,1.06,1.30,1.53,1.70,1.84,1.93,1.89,1.72,1.45,1.15,0.92,0.82,0.90,1.08,1.28,1.45,1.57,1.67,1.67,1.55,1.35,1.13,0.96
05,25,0.91,1.05,1.31,1.60,1.85,1.99,2.09,2.11,1.99,1.72,1.35,0.97,0.67,0.56,0.66,0.87,1.11,1.29,1.44,1.58,1.61,1.52,1.33,1.13
05,26,1.01,1.03,1.26,1.59,1.92,2.14,2.23,2.30,2.25,2.05,1.69,1.22,0.78,0.44,0.35,0.47,0.70,0.95,1.14,1.33,1.51,1.54,1.46,1.29
05,27,1.14,1.07,1.18,1.49,1.85,2.18,2.35,2.41,2.44,2.34,2.07,1.63,1.11,0.63,0.28,0.21,0.34,0.59,0.83,1.02,1.26,1.43,1.47,1.40
05,28,1.25,1.16,1.15,1.34,1.70,2.07,2.36,2.46,2.51,2.51,2.36,2.04,1.55,1.02,0.53,0.21,0.17,0.29,0.53,0.75,0.96,1.21,1.37,1.41
05,29,1.33,1.23,1.19,1.24,1.50,1.85,2.20,2.41,2.48,2.53,2.50,2.32,1.97,1.47,0.95,0.48,0.22,0.19,0.31,0.53,0.72,0.95,1.19,1.31
05,30,1.35,1.28,1.23,1.23,1.34,1.62,1.94,2.23,2.37,2.42,2.47,2.42,2.24,1.87,1.39,0.91,0.50,0.29,0.27,0.39,0.58,0.75,0.98,1.17
05,31,1.29,1.32,1.27,1.26,1.29,1.43,1.69,1.95,2.17,2.26,2.31,2.35,2.29,2.11,1.75,1.32,0.90,0.55,0.39,0.38,0.50,0.66,0.83,1.03
06,01,1.19,1.29,1.32,1.30,1.31,1.35,1.50,1.70,1.90,2.05,2.11,2.16,2.19,2.13,1.96,1.63,1.27,0.90,0.62,0.50,0.51,0.63,0.76,0.92
06,02,1.09,1.23,1.34,1.36,1.36,1.36,1.40,1.51,1.66,1.80,1.90,1.95,1.99,2.01,1.96,1.80,1.53,1.21,0.91,0.70,0.61,0.64,0.75,0.88
06,03,1.03,1.18,1.32,1.41,1.44,1.43,1.42,1.43,1.49,1.57,1.66,1.73,1.77,1.80,1.83,1.79,1.66,1.43,1.17,0.93,0.77,0.72,0.77,0.89
06,04,1.02,1.16,1.31,1.44,1.52,1.53,1.49,1.44,1.40,1.41,1.45,1.50,1.55,1.59,1.63,1.66,1.64,1.53,1.35,1.15,0.96,0.84,0.82,0.90
06,05,1.04,1.18,1.33,1.47,1.58,1.63,1.60,1.53,1.42,1.33,1.29,1.29,1.33,1.37,1.42,1.47,1.51,1.51,1.43,1.29,1.13,0.98,0.91,0.93
06,06,1.05,1.22,1.38,1.53,1.64,1.72,1.73,1.65,1.51,1.35,1.21,1.13,1.11,1.15,1.21,1.27,1.34,1.39,1.42,1.36,1.25,1.12,1.01,0.98
06,07,1.05,1.22,1.42,1.60,1.73,1.81,1.85,1.80,1.65,1.45,1.23,1.05,0.95,0.94,1.00,1.07,1.16,1.24,1.33,1.36,1.32,1.22,1.11,1.05
06,08,1.07,1.20,1.43,1.65,1.82,1.92,1.96,1.94,1.81,1.60,1.33,1.06,0.87,0.77,0.79,0.87,0.97,1.08,1.19,1.30,1.33,1.29,1.20,1.11
06,09,1.09,1.18,1.39,1.65,1.87,2.01,2.07,2.07,1.97,1.78,1.49,1.17,0.88,0.69,0.62,0.68,0.79,0.92,1.05,1.19,1.30,1.32,1.27,1.18
06,10,1.13,1.16,1.32,1.59,1.86,2.07,2.15,2.17,2.12,1.96,1.69,1.34,0.99,0.70,0.54,0.52,0.61,0.75,0.90,1.06,1.22,1.31,1.31,1.24
06,11,1.17,1.16,1.25,1.49,1.78,2.05,2.20,2.25,2.23,2.12,1.90,1.57,1.18,0.82,0.55,0.44,0.47,0.59,0.76,0.91,1.10,1.25,1.31,1.29
06,12,1.21,1.17,1.21,1.37,1.66,1.95,2.19,2.28,2.29,2.24,2.08,1.81,1.43,1.02,0.68,0.45,0.40,0.47,0.62,0.79,0.96,1.15,1.27,1.31
06,13,1.26,1.20,1.19,1.27,1.50,1.80,2.08,2.27,2.31,2.31,2.22,2.01,1.69,1.28,0.89,0.57,0.40,0.40,0.50,0.67,0.83,1.02,1.20,1.28
06,14,1.30,1.24,1.20,1.23,1.35,1.61,1.90,2.16,2.28,2.30,2.28,2.16,1.92,1.56,1.15,0.79,0.51,0.40,0.44,0.57,0.74,0.89,1.08,1.23
06,15,1.30,1.29,1.24,1.23,1.27,1.43,1.69,1.96,2.17,2.25,2.26,2.23,2.08,1.82,1.44,1.05,0.72,0.49,0.44,0.51,0.66,0.81,0.96,1.14
06,16,1.26,1.33,1.31,1.27,1.26,1.31,1.49,1.72,1.96,2.12,2.17,2.19,2.13,1.98,1.70,1.33,0.98,0.68,0.52,0.51,0.60,0.76,0.90,1.05
06,17,1.21,1.33,1.38,1.35,1.32,1.30,1.34,1.50,1.70,1.90,2.02,2.06,2.07,2.02,1.87,1.59,1.25,0.93,0.68,0.58,0.60,0.73,0.88,1.01
06,18,1.16,1.31,1.43,1.47,1.42,1.37,1.31,1.33,1.44,1.61,1.77,1.86,1.91,1.92,1.88,1.74,1.49,1.19,0.92,0.72,0.67,0.73,0.87,1.02
06,19,1.16,1.30,1.45,1.56,1.57,1.50,1.40,1.29,1.27,1.33,1.46,1.59,1.67,1.72,1.75,1.73,1.62,1.41,1.16,0.94,0.80,0.78,0.88,1.05
06,20,1.21,1.36,1.50,1.63,1.72,1.69,1.57,1.40,1.23,1.14,1.15,1.24,1.36,1.45,1.51,1.56,1.58,1.51,1.35,1.16,0.98,0.89,0.91,1.05
06,21,1.25,1.44,1.60,1.73,1.84,1.88,1.80,1.62,1.36,1.12,0.96,0.92,1.00,1.10,1.21,1.30,1.39,1.45,1.43,1.33,1.18,1.05,0.99,1.05
06,22,1.23,1.47,1.69,1.86,1.97,2.04,2.03,1.89,1.63,1.30,0.98,0.75,0.67,0.74,0.86,1.00,1.11,1.24,1.35,1.38,1.32,1.21,1.11,1.08
06,23,1.18,1.42,1.70,1.95,2.11,2.18,2.23,2.16,1.96,1.63,1.21,0.82,0.54,0.44,0.51,0.65,0.82,0.97,1.14,1.30,1.35,1.32,1.22,1.15
06,24,1.15,1.30,1.59,1.91,2.17,2.30,2.35,2.37,2.26,2.00,1.59,1.12,0.67,0.36,0.27,0.34,0.52,0.71,0.88,1.10,1.27,1.34,1.32,1.23
06,25,1.18,1.21,1.41,1.73,2.06,2.32,2.42,2.46,2.45,2.31,2.01,1.54,1.03,0.55,0.23,0.16,0.25,0.46,0.66,0.87,1.11,1.27,1.34,1.30
06,26,1.22,1.19,1.25,1.49,1.83,2.16,2.38,2.46,2.51,2.48,2.31,1.96,1.46,0.95,0.47,0.18,0.14,0.26,0.49,0.69,0.92,1.15,1.29,1.33
06,27,1.27,1.21,1.19,1.29,1.56,1.88,2.20,2.37,2.44,2.49,2.44,2.25,1.87,1.37,0.87,0.42,0.20,0.19,0.35,0.58,0.78,1.01,1.20,1.31
06,28,1.32,1.24,1.20,1.20,1.33,1.60,1.90,2.17,2.30,2.36,2.40,2.34,2.13,1.73,1.27,0.80,0.43,0.28,0.31,0.50,0.71,0.90,1.11,1.26
06,29,1.34,1.31,1.24,1.21,1.21,1.37,1.62,1.89,2.10,2.18,2.25,2.27,2.19,1.96,1.58,1.16,0.75,0.47,0.40,0.49,0.68,0.86,1.04,1.21
06,30,1.32,1.38,1.33,1.26,1.22,1.25,1.41,1.62,1.84,1.98,2.04,2.09,2.09,2.00,1.76,1.42,1.06,0.73,0.56,0.55,0.68,0.87,1.02,1.17
07,01,1.31,1.40,1.43,1.36,1.30,1.25,1.29,1.42,1.59,1.75,1.83,1.87,1.90,1.89,1.79,1.57,1.28,0.99,0.76,0.67,0.72,0.87,1.04,1.17
07,02,1.30,1.41,1.49,1.49,1.42,1.35,1.29,1.31,1.40,1.52,1.61,1.65,1.67,1.69,1.67,1.58,1.40,1.18,0.96,0.82,0.81,0.90,1.05,1.20
07,03,1.32,1.44,1.53,1.58,1.56,1.48,1.38,1.31,1.30,1.34,1.39,1.44,1.45,1.46,1.48,1.47,1.41,1.28,1.12,0.98,0.92,0.95,1.06,1.21
07,04,1.36,1.48,1.58,1.66,1.68,1.64,1.53,1.40,1.29,1.23,1.22,1.23,1.25,1.25,1.27,1.30,1.31,1.29,1.21,1.11,1.03,1.02,1.09,1.21
07,05,1.38,1.53,1.64,1.74,1.78,1.77,1.69,1.54,1.37,1.22,1.12,1.06,1.04,1.05,1.06,1.11,1.16,1.21,1.22,1.18,1.13,1.09,1.11,1.21
07,06,1.35,1.54,1.70,1.81,1.88,1.89,1.85,1.72,1.52,1.30,1.10,0.96,0.88,0.86,0.88,0.92,1.00,1.09,1.17,1.21,1.20,1.16,1.15,1.20
07,07,1.32,1.50,1.71,1.87,1.97,2.01,1.99,1.89,1.70,1.46,1.19,0.95,0.79,0.70,0.70,0.75,0.84,0.96,1.08,1.18,1.22,1.22,1.19,1.19
07,08,1.27,1.43,1.65,1.87,2.03,2.11,2.11,2.05,1.90,1.66,1.35,1.04,0.79,0.62,0.56,0.59,0.69,0.82,0.97,1.12,1.22,1.25,1.23,1.20
07,09,1.22,1.33,1.54,1.79,2.02,2.16,2.21,2.19,2.08,1.88,1.58,1.22,0.89,0.62,0.48,0.46,0.54,0.69,0.85,1.03,1.18,1.26,1.28,1.23
07,10,1.21,1.24,1.39,1.65,1.92,2.15,2.26,2.29,2.23,2.08,1.83,1.47,1.08,0.73,0.48,0.39,0.42,0.56,0.74,0.93,1.12,1.24,1.30,1.28
07,11,1.21,1.20,1.26,1.46,1.75,2.04,2.25,2.33,2.33,2.25,2.05,1.75,1.34,0.94,0.59,0.39,0.36,0.45,0.64,0.83,1.02,1.20,1.30,1.32
07,12,1.26,1.19,1.19,1.28,1.53,1.84,2.13,2.30,2.35,2.35,2.23,2.00,1.63,1.20,0.81,0.49,0.36,0.39,0.55,0.76,0.94,1.13,1.28,1.35
07,13,1.33,1.23,1.17,1.17,1.31,1.59,1.91,2.18,2.30,2.34,2.32,2.17,1.91,1.49,1.07,0.70,0.44,0.39,0.49,0.69,0.89,1.06,1.24,1.35
07,14,1.39,1.32,1.21,1.15,1.16,1.35,1.63,1.94,2.17,2.25,2.29,2.25,2.08,1.77,1.35,0.96,0.63,0.46,0.49,0.65,0.87,1.03,1.19,1.35
07,15,1.44,1.44,1.33,1.21,1.14,1.16,1.36,1.64,1.92,2.08,2.14,2.18,2.12,1.94,1.61,1.22,0.88,0.62,0.55,0.65,0.85,1.05,1.19,1.34
07,16,1.47,1.53,1.49,1.35,1.23,1.13,1.17,1.35,1.59,1.82,1.93,1.98,2.01,1.94,1.76,1.45,1.12,0.84,0.68,0.70,0.85,1.07,1.24,1.36
07,17,1.49,1.60,1.64,1.55,1.40,1.24,1.12,1.15,1.29,1.48,1.64,1.72,1.77,1.79,1.74,1.58,1.32,1.07,0.87,0.80,0.88,1.07,1.28,1.42
07,18,1.54,1.65,1.74,1.75,1.63,1.45,1.25,1.11,1.09,1.17,1.31,1.41,1.47,1.52,1.55,1.54,1.42,1.25,1.08,0.95,0.96,1.08,1.28,1.48
07,19,1.62,1.72,1.82,1.88,1.86,1.72,1.51,1.26,1.07,0.98,1.00,1.09,1.16,1.21,1.27,1.33,1.36,1.32,1.22,1.12,1.07,1.11,1.25,1.47
07,20,1.66,1.81,1.91,1.98,2.03,1.98,1.81,1.55,1.25,1.00,0.84,0.81,0.85,0.90,0.97,1.05,1.16,1.25,1.27,1.24,1.19,1.18,1.24,1.39
07,21,1.61,1.82,1.98,2.08,2.14,2.17,2.09,1.88,1.57,1.22,0.90,0.68,0.60,0.62,0.69,0.78,0.90,1.06,1.20,1.27,1.28,1.26,1.25,1.31
07,22,1.47,1.72,1.95,2.12,2.22,2.28,2.29,2.18,1.94,1.58,1.17,0.79,0.52,0.41,0.44,0.54,0.68,0.84,1.04,1.21,1.30,1.32,1.29,1.28
07,23,1.33,1.51,1.78,2.04,2.24,2.33,2.38,2.38,2.25,1.98,1.56,1.10,0.67,0.38,0.28,0.34,0.49,0.67,0.87,1.09,1.25,1.34,1.34,1.29
07,24,1.26,1.31,1.52,1.81,2.10,2.31,2.40,2.45,2.43,2.28,1.97,1.51,1.02,0.57,0.28,0.23,0.33,0.54,0.75,0.96,1.18,1.32,1.37,1.32
07,25,1.25,1.21,1.28,1.51,1.82,2.13,2.33,2.41,2.47,2.43,2.26,1.90,1.42,0.92,0.48,0.26,0.26,0.43,0.68,0.88,1.10,1.28,1.38,1.38
07,26,1.29,1.21,1.16,1.26,1.52,1.84,2.14,2.30,2.38,2.43,2.37,2.17,1.77,1.30,0.82,0.44,0.31,0.38,0.62,0.86,1.05,1.24,1.38,1.43
07,27,1.37,1.25,1.16,1.12,1.26,1.54,1.86,2.12,2.23,2.31,2.34,2.25,2.00,1.59,1.16,0.73,0.46,0.43,0.58,0.85,1.05,1.22,1.38,1.46
07,28,1.47,1.35,1.22,1.13,1.12,1.30,1.57,1.86,2.04,2.12,2.19,2.19,2.07,1.79,1.41,1.02,0.69,0.55,0.62,0.83,1.07,1.24,1.38,1.49
07,29,1.53,1.48,1.34,1.21,1.12,1.16,1.34,1.59,1.81,1.93,1.98,2.02,1.99,1.85,1.56,1.24,0.93,0.72,0.71,0.85,1.07,1.27,1.40,1.51
07,30,1.58,1.59,1.49,1.34,1.21,1.14,1.20,1.37,1.57,1.71,1.77,1.80,1.82,1.77,1.61,1.37,1.12,0.91,0.82,0.90,1.08,1.29,1.44,1.54
07,31,1.63,1.66,1.63,1.51,1.36,1.23,1.17,1.24,1.36,1.49,1.56,1.58,1.60,1.60,1.54,1.41,1.24,1.07,0.96,0.97,1.10,1.29,1.46,1.58
08,01,1.66,1.72,1.73,1.67,1.54,1.39,1.25,1.20,1.23,1.30,1.35,1.38,1.38,1.39,1.39,1.35,1.27,1.17,1.09,1.06,1.14,1.29,1.45,1.60
08,02,1.70,1.77,1.81,1.79,1.71,1.57,1.41,1.27,1.19,1.17,1.17,1.18,1.18,1.18,1.21,1.22,1.23,1.21,1.17,1.15,1.18,1.28,1.43,1.58
08,03,1.72,1.81,1.87,1.89,1.85,1.76,1.60,1.42,1.25,1.13,1.06,1.02,0.99,0.99,1.01,1.07,1.13,1.18,1.21,1.22,1.24,1.29,1.39,1.53
08,04,1.68,1.82,1.92,1.98,1.97,1.91,1.80,1.61,1.40,1.19,1.03,0.92,0.84,0.82,0.84,0.91,1.01,1.10,1.20,1.25,1.28,1.31,1.36,1.46
08,05,1.60,1.77,1.92,2.02,2.08,2.05,1.97,1.82,1.60,1.35,1.10,0.90,0.76,0.69,0.69,0.76,0.88,1.02,1.15,1.25,1.31,1.33,1.34,1.39
08,06,1.50,1.66,1.85,2.02,2.13,2.17,2.13,2.02,1.83,1.57,1.27,0.98,0.75,0.61,0.57,0.62,0.75,0.92,1.08,1.23,1.32,1.36,1.35,1.34
08,07,1.38,1.51,1.70,1.93,2.13,2.24,2.26,2.20,2.06,1.82,1.50,1.16,0.84,0.60,0.49,0.51,0.63,0.82,1.01,1.19,1.32,1.39,1.38,1.33
08,08,1.30,1.35,1.51,1.75,2.02,2.23,2.33,2.34,2.25,2.07,1.79,1.41,1.03,0.69,0.48,0.44,0.53,0.73,0.93,1.14,1.31,1.41,1.43,1.36
08,09,1.28,1.24,1.30,1.52,1.81,2.11,2.31,2.39,2.39,2.28,2.06,1.71,1.28,0.89,0.57,0.43,0.47,0.64,0.88,1.08,1.28,1.42,1.48,1.44
08,10,1.31,1.20,1.15,1.26,1.54,1.87,2.18,2.35,2.42,2.40,2.26,2.00,1.58,1.15,0.76,0.50,0.46,0.59,0.84,1.07,1.25,1.43,1.53,1.53
08,11,1.41,1.24,1.12,1.07,1.25,1.56,1.91,2.20,2.32,2.39,2.36,2.19,1.87,1.43,1.02,0.67,0.52,0.59,0.80,1.08,1.27,1.44,1.58,1.63
08,12,1.57,1.37,1.18,1.03,1.02,1.24,1.57,1.91,2.13,2.23,2.30,2.25,2.05,1.69,1.28,0.92,0.66,0.65,0.81,1.08,1.33,1.47,1.62,1.72
08,13,1.71,1.58,1.34,1.13,0.97,1.01,1.24,1.55,1.84,1.99,2.08,2.14,2.07,1.85,1.50,1.16,0.88,0.75,0.85,1.08,1.36,1.55,1.66,1.78
08,14,1.83,1.79,1.59,1.34,1.10,0.95,1.01,1.21,1.48,1.69,1.79,1.87,1.91,1.84,1.64,1.35,1.10,0.92,0.92,1.09,1.35,1.61,1.73,1.83
08,15,1.91,1.94,1.85,1.62,1.36,1.10,0.96,1.00,1.15,1.34,1.47,1.54,1.62,1.66,1.61,1.45,1.26,1.11,1.03,1.13,1.34,1.59,1.79,1.89
08,16,1.96,2.02,2.02,1.91,1.67,1.40,1.13,0.98,0.97,1.05,1.16,1.23,1.29,1.36,1.41,1.42,1.34,1.25,1.18,1.19,1.33,1.54,1.76,1.92
08,17,2.00,2.06,2.11,2.10,1.98,1.75,1.46,1.18,0.99,0.90,0.91,0.95,0.99,1.04,1.13,1.23,1.29,1.30,1.29,1.29,1.35,1.48,1.66,1.86
08,18,1.99,2.08,2.14,2.18,2.18,2.06,1.83,1.53,1.21,0.96,0.81,0.75,0.75,0.78,0.86,0.98,1.12,1.25,1.32,1.36,1.39,1.44,1.54,1.71
08,19,1.88,2.03,2.14,2.21,2.26,2.26,2.14,1.91,1.58,1.23,0.91,0.70,0.60,0.59,0.65,0.76,0.92,1.11,1.28,1.38,1.43,1.45,1.47,1.53
08,20,1.68,1.87,2.04,2.18,2.27,2.33,2.33,2.21,1.96,1.60,1.20,0.83,0.58,0.48,0.51,0.62,0.78,0.97,1.18,1.35,1.45,1.47,1.44,1.42
08,21,1.46,1.61,1.83,2.05,2.22,2.33,2.39,2.39,2.25,1.98,1.58,1.14,0.74,0.49,0.42,0.51,0.70,0.89,1.10,1.30,1.44,1.50,1.47,1.39
08,22,1.33,1.36,1.54,1.80,2.06,2.26,2.36,2.43,2.41,2.25,1.93,1.50,1.04,0.64,0.44,0.45,0.63,0.86,1.07,1.27,1.44,1.53,1.52,1.42
08,23,1.30,1.22,1.27,1.49,1.79,2.08,2.26,2.36,2.42,2.38,2.19,1.82,1.38,0.93,0.58,0.47,0.58,0.84,1.09,1.27,1.45,1.57,1.60,1.51
08,24,1.35,1.20,1.11,1.22,1.48,1.81,2.09,2.23,2.32,2.37,2.29,2.05,1.66,1.23,0.82,0.59,0.60,0.80,1.10,1.32,1.48,1.61,1.67,1.62
08,25,1.46,1.27,1.11,1.06,1.22,1.51,1.83,2.05,2.16,2.25,2.25,2.14,1.85,1.47,1.09,0.78,0.68,0.81,1.08,1.36,1.52,1.65,1.74,1.73
08,26,1.61,1.39,1.20,1.04,1.06,1.26,1.55,1.83,1.97,2.06,2.12,2.09,1.93,1.63,1.30,1.00,0.81,0.87,1.08,1.37,1.58,1.70,1.79,1.81
08,27,1.75,1.56,1.33,1.14,1.02,1.10,1.32,1.57,1.77,1.85,1.92,1.96,1.89,1.70,1.43,1.18,0.98,0.95,1.11,1.36,1.61,1.75,1.83,1.88
08,28,1.85,1.73,1.52,1.29,1.11,1.05,1.16,1.35,1.54,1.65,1.70,1.76,1.76,1.67,1.50,1.30,1.13,1.05,1.15,1.36,1.60,1.79,1.87,1.92
08,29,1.93,1.86,1.70,1.48,1.27,1.11,1.09,1.20,1.33,1.45,1.50,1.54,1.58,1.56,1.48,1.36,1.24,1.17,1.20,1.36,1.58,1.78,1.90,1.95
08,30,1.98,1.95,1.85,1.68,1.47,1.27,1.14,1.13,1.19,1.26,1.31,1.33,1.37,1.40,1.39,1.35,1.30,1.26,1.27,1.37,1.55,1.74,1.88,1.97
08,31,2.01,2.02,1.96,1.85,1.68,1.48,1.29,1.17,1.13,1.14,1.15,1.15,1.17,1.21,1.26,1.28,1.30,1.31,1.34,1.40,1.52,1.68,1.83,1.93
09,01,2.01,2.05,2.05,1.98,1.86,1.69,1.49,1.31,1.17,1.09,1.04,1.01,1.00,1.03,1.10,1.18,1.25,1.32,1.38,1.44,1.51,1.61,1.74,1.86
09,02,1.96,2.04,2.08,2.09,2.02,1.89,1.72,1.51,1.31,1.13,1.01,0.92,0.87,0.88,0.94,1.06,1.18,1.29,1.39,1.46,1.52,1.57,1.64,1.74
09,03,1.85,1.97,2.07,2.14,2.15,2.07,1.94,1.75,1.52,1.28,1.06,0.89,0.79,0.75,0.80,0.92,1.09,1.24,1.37,1.48,1.53,1.55,1.56,1.61
09,04,1.71,1.84,2.00,2.13,2.22,2.22,2.14,1.99,1.77,1.50,1.21,0.95,0.77,0.67,0.69,0.81,0.99,1.18,1.35,1.48,1.56,1.56,1.53,1.50
09,05,1.53,1.65,1.83,2.04,2.22,2.31,2.30,2.21,2.03,1.77,1.44,1.11,0.83,0.65,0.62,0.71,0.91,1.12,1.33,1.49,1.58,1.61,1.54,1.45
09,06,1.39,1.42,1.59,1.84,2.11,2.30,2.38,2.38,2.26,2.05,1.72,1.34,0.99,0.71,0.60,0.65,0.84,1.09,1.31,1.50,1.63,1.67,1.61,1.46
09,07,1.32,1.23,1.31,1.55,1.86,2.17,2.35,2.43,2.42,2.28,2.02,1.63,1.23,0.87,0.65,0.64,0.80,1.07,1.33,1.52,1.69,1.76,1.73,1.56
09,08,1.34,1.16,1.08,1.22,1.52,1.89,2.19,2.34,2.43,2.41,2.24,1.92,1.50,1.11,0.79,0.68,0.80,1.06,1.37,1.58,1.74,1.86,1.86,1.74
09,09,1.48,1.21,1.00,0.95,1.16,1.50,1.88,2.14,2.27,2.37,2.33,2.13,1.77,1.37,1.02,0.80,0.83,1.06,1.38,1.67,1.81,1.95,2.01,1.94
09,10,1.72,1.39,1.09,0.86,0.88,1.13,1.47,1.82,2.01,2.14,2.24,2.17,1.95,1.59,1.26,0.99,0.91,1.08,1.38,1.72,1.92,2.02,2.12,2.12
09,11,1.98,1.68,1.32,0.99,0.79,0.86,1.10,1.42,1.68,1.82,1.96,2.04,1.97,1.74,1.44,1.20,1.05,1.11,1.37,1.70,1.99,2.11,2.18,2.24
09,12,2.19,2.00,1.65,1.28,0.96,0.79,0.87,1.07,1.32,1.49,1.61,1.75,1.81,1.74,1.56,1.35,1.22,1.19,1.36,1.65,1.95,2.16,2.22,2.28
09,13,2.30,2.22,2.00,1.65,1.29,0.98,0.84,0.88,1.02,1.18,1.28,1.39,1.51,1.57,1.55,1.44,1.35,1.31,1.37,1.59,1.86,2.10,2.23,2.27
09,14,2.32,2.32,2.23,2.01,1.69,1.35,1.05,0.90,0.88,0.94,1.02,1.08,1.18,1.30,1.39,1.42,1.40,1.40,1.43,1.55,1.75,1.96,2.14,2.22
09,15,2.27,2.31,2.31,2.24,2.05,1.76,1.44,1.14,0.95,0.86,0.85,0.87,0.92,1.02,1.15,1.29,1.38,1.44,1.50,1.56,1.66,1.81,1.97,2.10
09,16,2.17,2.23,2.28,2.31,2.27,2.10,1.84,1.52,1.21,0.97,0.82,0.76,0.76,0.82,0.94,1.10,1.28,1.43,1.53,1.59,1.63,1.69,1.77,1.88
09,17,2.00,2.10,2.19,2.27,2.32,2.30,2.16,1.91,1.58,1.24,0.95,0.76,0.69,0.71,0.81,0.96,1.16,1.36,1.52,1.62,1.65,1.64,1.63,1.66
09,18,1.76,1.90,2.04,2.17,2.27,2.34,2.33,2.19,1.94,1.59,1.22,0.90,0.70,0.66,0.74,0.90,1.09,1.29,1.49,1.63,1.68,1.65,1.58,1.51
09,19,1.51,1.62,1.81,2.00,2.16,2.27,2.35,2.34,2.19,1.92,1.54,1.15,0.83,0.68,0.71,0.87,1.08,1.28,1.48,1.64,1.73,1.71,1.60,1.46
09,20,1.35,1.36,1.52,1.75,1.99,2.16,2.27,2.34,2.31,2.14,1.83,1.45,1.06,0.78,0.72,0.85,1.09,1.33,1.51,1.68,1.78,1.79,1.68,1.50
09,21,1.32,1.19,1.24,1.45,1.74,1.99,2.14,2.25,2.31,2.24,2.03,1.70,1.32,0.98,0.79,0.85,1.08,1.37,1.59,1.74,1.86,1.89,1.81,1.61
09,22,1.38,1.17,1.07,1.19,1.44,1.75,1.97,2.10,2.20,2.23,2.13,1.87,1.54,1.20,0.94,0.89,1.07,1.37,1.65,1.82,1.93,1.99,1.94,1.77
09,23,1.50,1.25,1.04,1.01,1.19,1.46,1.75,1.92,2.03,2.12,2.11,1.97,1.69,1.39,1.13,0.99,1.09,1.35,1.67,1.89,2.00,2.07,2.05,1.93
09,24,1.68,1.38,1.12,0.96,1.01,1.22,1.49,1.72,1.83,1.95,2.01,1.96,1.78,1.52,1.29,1.12,1.14,1.35,1.65,1.93,2.06,2.13,2.15,2.06
09,25,1.87,1.57,1.27,1.03,0.94,1.05,1.26,1.49,1.64,1.74,1.85,1.87,1.78,1.60,1.40,1.26,1.21,1.36,1.63,1.92,2.11,2.17,2.20,2.16
09,26,2.02,1.77,1.46,1.18,0.99,0.97,1.10,1.28,1.45,1.54,1.64,1.72,1.71,1.62,1.47,1.36,1.30,1.38,1.61,1.88,2.10,2.20,2.23,2.22
09,27,2.13,1.94,1.67,1.38,1.14,1.00,1.02,1.13,1.26,1.36,1.44,1.53,1.58,1.57,1.50,1.42,1.38,1.42,1.58,1.82,2.05,2.19,2.24,2.24
09,28,2.20,2.07,1.87,1.60,1.34,1.13,1.04,1.06,1.13,1.21,1.26,1.33,1.42,1.46,1.46,1.44,1.44,1.47,1.57,1.75,1.96,2.13,2.21,2.23
09,29,2.22,2.16,2.02,1.82,1.57,1.34,1.16,1.07,1.07,1.09,1.12,1.16,1.23,1.32,1.38,1.42,1.46,1.51,1.58,1.70,1.86,2.02,2.13,2.18
09,30,2.21,2.19,2.13,1.99,1.80,1.58,1.36,1.19,1.09,1.04,1.02,1.02,1.07,1.16,1.27,1.37,1.45,1.53,1.61,1.69,1.79,1.90,2.01,2.09
10,01,2.14,2.18,2.18,2.13,2.00,1.82,1.61,1.39,1.21,1.07,0.98,0.94,0.94,1.02,1.14,1.29,1.42,1.53,1.63,1.69,1.74,1.79,1.86,1.94
10,02,2.02,2.10,2.17,2.20,2.16,2.04,1.86,1.64,1.40,1.19,1.01,0.90,0.86,0.90,1.02,1.19,1.38,1.53,1.64,1.72,1.74,1.73,1.72,1.76
10,03,1.84,1.95,2.09,2.19,2.24,2.21,2.09,1.90,1.65,1.38,1.13,0.93,0.83,0.83,0.94,1.12,1.33,1.52,1.67,1.76,1.77,1.71,1.63,1.58
10,04,1.61,1.73,1.90,2.09,2.23,2.30,2.27,2.14,1.93,1.64,1.33,1.05,0.86,0.81,0.89,1.08,1.31,1.53,1.71,1.82,1.84,1.77,1.62,1.47
10,05,1.38,1.44,1.62,1.87,2.11,2.26,2.33,2.31,2.17,1.92,1.58,1.25,0.97,0.83,0.88,1.06,1.32,1.57,1.76,1.91,1.95,1.89,1.70,1.46
10,06,1.26,1.16,1.27,1.52,1.84,2.10,2.25,2.34,2.32,2.16,1.87,1.50,1.18,0.93,0.89,1.06,1.34,1.64,1.85,2.01,2.10,2.06,1.89,1.58
10,07,1.27,1.02,0.95,1.13,1.44,1.80,2.05,2.20,2.30,2.27,2.09,1.76,1.41,1.12,0.97,1.07,1.34,1.69,1.97,2.12,2.23,2.26,2.13,1.84
10,08,1.44,1.08,0.81,0.80,1.03,1.37,1.72,1.93,2.09,2.21,2.16,1.96,1.63,1.34,1.12,1.10,1.33,1.68,2.04,2.25,2.34,2.42,2.36,2.15
10,09,1.76,1.31,0.91,0.66,0.71,0.96,1.30,1.59,1.77,1.96,2.07,2.01,1.80,1.52,1.31,1.19,1.32,1.64,2.01,2.32,2.44,2.50,2.53,2.41
10,10,2.12,1.68,1.21,0.82,0.61,0.69,0.92,1.21,1.43,1.60,1.80,1.88,1.83,1.64,1.45,1.33,1.34,1.57,1.92,2.27,2.49,2.54,2.59,2.57
10,11,2.40,2.08,1.62,1.18,0.80,0.65,0.71,0.89,1.11,1.26,1.44,1.62,1.70,1.66,1.53,1.44,1.42,1.52,1.81,2.13,2.40,2.52,2.55,2.59
10,12,2.54,2.37,2.04,1.61,1.20,0.86,0.73,0.75,0.87,1.01,1.12,1.30,1.46,1.55,1.55,1.50,1.50,1.54,1.70,1.96,2.22,2.41,2.46,2.49
10,13,2.52,2.47,2.32,2.02,1.65,1.27,0.97,0.82,0.79,0.85,0.93,1.03,1.19,1.34,1.46,1.52,1.54,1.59,1.67,1.82,2.01,2.19,2.31,2.35
10,14,2.39,2.41,2.39,2.28,2.02,1.70,1.36,1.08,0.90,0.82,0.83,0.88,0.98,1.13,1.30,1.46,1.56,1.63,1.69,1.75,1.85,1.96,2.08,2.16
10,15,2.21,2.26,2.31,2.33,2.24,2.04,1.76,1.44,1.15,0.94,0.84,0.83,0.88,1.00,1.16,1.35,1.53,1.65,1.73,1.77,1.78,1.80,1.84,1.91
10,16,1.99,2.07,2.15,2.23,2.27,2.22,2.05,1.80,1.48,1.19,0.96,0.85,0.86,0.94,1.09,1.28,1.48,1.66,1.77,1.81,1.79,1.72,1.67,1.67
10,17,1.74,1.84,1.95,2.07,2.16,2.23,2.19,2.04,1.79,1.48,1.18,0.96,0.88,0.94,1.08,1.27,1.46,1.65,1.81,1.87,1.85,1.74,1.61,1.50
10,18,1.49,1.58,1.72,1.88,2.01,2.11,2.18,2.15,1.99,1.74,1.43,1.14,0.96,0.95,1.09,1.30,1.51,1.69,1.85,1.94,1.94,1.83,1.64,1.45
10,19,1.32,1.32,1.45,1.64,1.83,1.96,2.07,2.13,2.08,1.91,1.65,1.35,1.10,1.00,1.10,1.32,1.57,1.78,1.92,2.03,2.04,1.95,1.74,1.49
10,20,1.27,1.14,1.19,1.38,1.60,1.79,1.91,2.03,2.07,2.00,1.80,1.54,1.28,1.10,1.11,1.31,1.60,1.86,2.01,2.12,2.16,2.09,1.90,1.61
10,21,1.32,1.09,1.01,1.12,1.34,1.57,1.74,1.86,1.98,1.99,1.89,1.67,1.44,1.24,1.17,1.31,1.58,1.89,2.11,2.20,2.26,2.22,2.06,1.78
10,22,1.45,1.15,0.94,0.94,1.10,1.33,1.54,1.68,1.82,1.92,1.90,1.76,1.55,1.37,1.26,1.32,1.56,1.88,2.15,2.28,2.33,2.33,2.21,1.97
10,23,1.63,1.28,1.00,0.86,0.93,1.11,1.33,1.50,1.63,1.78,1.84,1.78,1.63,1.46,1.35,1.35,1.54,1.83,2.14,2.33,2.39,2.40,2.33,2.14
10,24,1.84,1.47,1.13,0.89,0.84,0.95,1.13,1.32,1.45,1.60,1.73,1.74,1.67,1.53,1.43,1.40,1.51,1.78,2.08,2.32,2.42,2.43,2.40,2.27
10,25,2.03,1.68,1.32,1.03,0.85,0.86,0.99,1.15,1.29,1.41,1.56,1.65,1.64,1.57,1.48,1.46,1.51,1.71,2.00,2.26,2.42,2.44,2.43,2.35
10,26,2.17,1.90,1.55,1.23,0.98,0.87,0.91,1.02,1.15,1.26,1.38,1.51,1.57,1.57,1.52,1.49,1.53,1.66,1.89,2.15,2.35,2.43,2.42,2.38
10,27,2.27,2.06,1.78,1.46,1.18,0.97,0.91,0.95,1.04,1.13,1.22,1.35,1.46,1.51,1.53,1.52,1.56,1.64,1.80,2.02,2.22,2.35,2.38,2.36
10,28,2.31,2.18,1.97,1.70,1.41,1.17,1.00,0.95,0.97,1.03,1.10,1.19,1.31,1.42,1.50,1.54,1.58,1.65,1.75,1.90,2.07,2.21,2.29,2.30
10,29,2.29,2.24,2.11,1.92,1.66,1.41,1.19,1.04,0.97,0.97,1.01,1.07,1.17,1.30,1.43,1.54,1.61,1.68,1.74,1.82,1.93,2.04,2.14,2.19
10,30,2.22,2.22,2.18,2.08,1.89,1.66,1.42,1.21,1.06,0.97,0.96,0.99,1.06,1.19,1.35,1.51,1.63,1.71,1.77,1.80,1.83,1.87,1.94,2.02
10,31,2.08,2.14,2.17,2.15,2.07,1.90,1.68,1.44,1.22,1.06,0.96,0.96,1.00,1.12,1.28,1.47,1.64,1.76,1.82,1.83,1.79,1.75,1.74,1.79
11,01,1.87,1.97,2.07,2.13,2.15,2.07,1.91,1.70,1.44,1.22,1.04,0.96,0.99,1.09,1.26,1.45,1.65,1.82,1.90,1.91,1.82,1.70,1.59,1.53
11,02,1.58,1.71,1.86,2.00,2.10,2.14,2.08,1.93,1.70,1.43,1.20,1.03,0.99,1.09,1.27,1.50,1.71,1.89,2.01,2.03,1.95,1.76,1.54,1.35
11,03,1.28,1.36,1.54,1.76,1.94,2.06,2.12,2.08,1.93,1.68,1.40,1.18,1.05,1.09,1.29,1.55,1.81,2.00,2.14,2.20,2.13,1.93,1.63,1.32
11,04,1.08,1.01,1.15,1.38,1.65,1.85,1.99,2.08,2.05,1.90,1.64,1.37,1.18,1.12,1.28,1.57,1.89,2.14,2.28,2.37,2.36,2.19,1.87,1.46
11,05,1.08,0.81,0.78,0.96,1.24,1.54,1.73,1.90,2.02,1.99,1.83,1.57,1.35,1.21,1.26,1.54,1.90,2.24,2.43,2.51,2.56,2.46,2.20,1.78
11,06,1.29,0.86,0.59,0.61,0.82,1.13,1.40,1.60,1.81,1.93,1.90,1.74,1.51,1.35,1.30,1.47,1.83,2.21,2.52,2.63,2.68,2.68,2.51,2.17
11,07,1.67,1.15,0.71,0.47,0.52,0.74,1.03,1.27,1.47,1.71,1.82,1.79,1.64,1.47,1.39,1.43,1.70,2.08,2.45,2.68,2.73,2.77,2.72,2.50
11,08,2.11,1.58,1.06,0.63,0.45,0.51,0.70,0.96,1.15,1.38,1.61,1.70,1.68,1.56,1.47,1.45,1.58,1.91,2.27,2.58,2.71,2.74,2.77,2.68
11,09,2.45,2.03,1.52,1.04,0.65,0.50,0.55,0.72,0.91,1.08,1.32,1.51,1.60,1.60,1.52,1.51,1.55,1.74,2.04,2.34,2.57,2.64,2.67,2.68
11,10,2.59,2.36,1.96,1.50,1.06,0.73,0.60,0.62,0.75,0.90,1.06,1.28,1.44,1.55,1.56,1.55,1.58,1.65,1.84,2.09,2.32,2.46,2.50,2.53
11,11,2.54,2.47,2.26,1.90,1.51,1.12,0.84,0.71,0.71,0.81,0.92,1.08,1.27,1.43,1.55,1.59,1.62,1.66,1.73,1.88,2.05,2.20,2.29,2.32
11,12,2.36,2.37,2.33,2.16,1.86,1.53,1.19,0.94,0.82,0.81,0.88,0.98,1.13,1.30,1.47,1.61,1.67,1.71,1.73,1.77,1.85,1.95,2.04,2.09
11,13,2.13,2.18,2.21,2.20,2.06,1.83,1.54,1.25,1.03,0.91,0.90,0.97,1.08,1.23,1.41,1.58,1.72,1.78,1.80,1.78,1.75,1.76,1.79,1.84
11,14,1.89,1.94,2.01,2.06,2.07,1.98,1.79,1.54,1.28,1.08,0.98,0.99,1.09,1.22,1.39,1.57,1.73,1.85,1.88,1.85,1.76,1.67,1.61,1.60
11,15,1.65,1.71,1.78,1.86,1.93,1.97,1.90,1.74,1.52,1.29,1.12,1.05,1.11,1.25,1.42,1.60,1.76,1.91,1.98,1.95,1.85,1.69,1.53,1.43
11,16,1.41,1.47,1.55,1.65,1.75,1.83,1.88,1.82,1.68,1.48,1.29,1.15,1.14,1.27,1.46,1.66,1.84,1.97,2.07,2.07,1.97,1.79,1.56,1.36
11,17,1.23,1.23,1.32,1.43,1.55,1.66,1.76,1.81,1.75,1.62,1.44,1.28,1.20,1.27,1.47,1.71,1.92,2.06,2.16,2.19,2.11,1.93,1.66,1.39
11,18,1.16,1.05,1.09,1.21,1.35,1.48,1.60,1.72,1.75,1.69,1.55,1.40,1.29,1.29,1.45,1.71,1.97,2.16,2.25,2.30,2.25,2.09,1.82,1.49
11,19,1.19,0.97,0.91,0.99,1.14,1.30,1.43,1.58,1.69,1.70,1.63,1.49,1.37,1.33,1.42,1.67,1.97,2.21,2.34,2.39,2.38,2.25,2.01,1.66
11,20,1.30,1.00,0.82,0.82,0.93,1.11,1.26,1.41,1.58,1.67,1.66,1.56,1.44,1.38,1.41,1.61,1.91,2.20,2.39,2.45,2.46,2.38,2.18,1.87
11,21,1.48,1.12,0.84,0.73,0.78,0.92,1.10,1.25,1.43,1.58,1.63,1.60,1.50,1.42,1.42,1.55,1.82,2.13,2.38,2.50,2.51,2.47,2.32,2.07
11,22,1.70,1.30,0.96,0.74,0.70,0.79,0.95,1.11,1.27,1.45,1.57,1.59,1.54,1.46,1.44,1.50,1.72,2.02,2.30,2.49,2.53,2.51,2.43,2.22
11,23,1.92,1.52,1.15,0.85,0.70,0.72,0.83,0.99,1.14,1.30,1.47,1.55,1.55,1.50,1.46,1.49,1.62,1.88,2.17,2.41,2.52,2.51,2.47,2.34
11,24,2.10,1.76,1.38,1.04,0.80,0.71,0.76,0.88,1.03,1.17,1.33,1.47,1.52,1.52,1.48,1.50,1.57,1.74,2.01,2.26,2.44,2.48,2.46,2.40
11,25,2.23,1.97,1.63,1.27,0.98,0.79,0.76,0.81,0.94,1.07,1.20,1.35,1.46,1.52,1.52,1.52,1.56,1.66,1.85,2.08,2.28,2.40,2.41,2.38
11,26,2.29,2.12,1.85,1.52,1.21,0.96,0.82,0.81,0.87,0.99,1.10,1.23,1.37,1.48,1.55,1.56,1.59,1.63,1.73,1.90,2.08,2.24,2.30,2.31
11,27,2.28,2.19,2.02,1.76,1.46,1.18,0.96,0.86,0.86,0.94,1.04,1.14,1.28,1.42,1.54,1.61,1.64,1.66,1.69,1.76,1.88,2.02,2.13,2.17
11,28,2.19,2.16,2.09,1.93,1.69,1.42,1.17,0.99,0.91,0.92,1.00,1.10,1.22,1.37,1.52,1.65,1.72,1.73,1.72,1.70,1.72,1.78,1.89,1.97
11,29,2.02,2.05,2.04,2.00,1.86,1.65,1.41,1.18,1.03,0.96,0.99,1.10,1.22,1.36,1.52,1.68,1.80,1.84,1.81,1.73,1.65,1.60,1.61,1.69
11,30,1.78,1.85,1.90,1.93,1.91,1.81,1.63,1.41,1.21,1.08,1.03,1.10,1.24,1.40,1.57,1.73,1.89,1.97,1.96,1.86,1.69,1.52,1.40,1.38
12,01,1.45,1.56,1.67,1.75,1.82,1.84,1.77,1.62,1.42,1.24,1.13,1.12,1.25,1.44,1.65,1.84,1.99,2.11,2.14,2.05,1.85,1.58,1.32,1.14
12,02,1.10,1.19,1.34,1.49,1.61,1.71,1.78,1.74,1.61,1.43,1.27,1.19,1.24,1.44,1.70,1.96,2.14,2.26,2.33,2.29,2.11,1.80,1.43,1.09
12,03,0.86,0.82,0.94,1.13,1.32,1.47,1.62,1.73,1.71,1.60,1.44,1.31,1.26,1.39,1.67,1.99,2.27,2.42,2.49,2.52,2.40,2.13,1.72,1.26
12,04,0.86,0.60,0.59,0.73,0.96,1.17,1.35,1.55,1.68,1.68,1.58,1.43,1.34,1.35,1.56,1.90,2.26,2.53,2.63,2.67,2.65,2.46,2.12,1.62
12,05,1.11,0.66,0.41,0.42,0.59,0.84,1.06,1.27,1.51,1.64,1.64,1.54,1.42,1.37,1.44,1.73,2.11,2.46,2.69,2.75,2.78,2.71,2.48,2.07
12,06,1.53,0.99,0.53,0.31,0.34,0.52,0.78,0.99,1.24,1.48,1.59,1.60,1.49,1.42,1.41,1.54,1.87,2.25,2.58,2.74,2.78,2.81,2.70,2.45
12,07,2.00,1.44,0.91,0.48,0.31,0.35,0.54,0.78,0.98,1.24,1.45,1.56,1.55,1.46,1.43,1.45,1.64,1.97,2.31,2.59,2.69,2.73,2.75,2.63
12,08,2.36,1.90,1.38,0.88,0.50,0.38,0.43,0.62,0.83,1.03,1.27,1.45,1.54,1.52,1.46,1.45,1.50,1.72,2.01,2.31,2.51,2.57,2.62,2.62
12,09,2.50,2.23,1.79,1.32,0.88,0.58,0.49,0.56,0.74,0.92,1.11,1.32,1.46,1.54,1.52,1.49,1.50,1.56,1.76,2.00,2.23,2.36,2.40,2.45
12,10,2.43,2.33,2.07,1.68,1.28,0.90,0.69,0.63,0.72,0.89,1.03,1.21,1.38,1.52,1.58,1.57,1.55,1.55,1.61,1.76,1.94,2.10,2.17,2.20
12,11,2.23,2.22,2.13,1.90,1.58,1.25,0.96,0.80,0.79,0.89,1.03,1.17,1.32,1.47,1.60,1.66,1.65,1.62,1.60,1.63,1.72,1.83,1.92,1.96
12,12,1.98,2.00,2.01,1.93,1.74,1.50,1.23,1.02,0.93,0.94,1.05,1.19,1.31,1.46,1.60,1.71,1.76,1.74,1.68,1.62,1.61,1.63,1.68,1.72
12,13,1.74,1.75,1.78,1.80,1.76,1.62,1.44,1.24,1.09,1.04,1.09,1.21,1.35,1.48,1.62,1.75,1.84,1.87,1.81,1.71,1.60,1.53,1.49,1.49
12,14,1.51,1.52,1.54,1.59,1.63,1.62,1.53,1.40,1.26,1.17,1.15,1.22,1.37,1.53,1.67,1.80,1.91,1.98,1.95,1.85,1.69,1.53,1.40,1.31
12,15,1.29,1.30,1.32,1.37,1.44,1.50,1.53,1.48,1.39,1.29,1.23,1.25,1.37,1.55,1.72,1.87,1.99,2.06,2.08,2.00,1.84,1.62,1.39,1.22
12,16,1.11,1.09,1.12,1.17,1.25,1.34,1.44,1.48,1.45,1.38,1.31,1.29,1.36,1.52,1.74,1.93,2.07,2.15,2.19,2.15,2.00,1.76,1.48,1.22
12,17,1.02,0.92,0.93,0.98,1.07,1.18,1.31,1.42,1.46,1.44,1.38,1.33,1.35,1.47,1.69,1.94,2.13,2.24,2.29,2.28,2.16,1.94,1.64,1.31
12,18,1.03,0.83,0.77,0.80,0.90,1.03,1.17,1.33,1.43,1.46,1.43,1.37,1.35,1.42,1.61,1.87,2.13,2.30,2.37,2.38,2.31,2.12,1.84,1.47
12,19,1.13,0.84,0.68,0.66,0.74,0.88,1.03,1.21,1.37,1.45,1.46,1.41,1.36,1.38,1.51,1.76,2.05,2.29,2.42,2.45,2.42,2.28,2.04,1.69
12,20,1.30,0.95,0.69,0.59,0.62,0.75,0.91,1.08,1.27,1.41,1.47,1.44,1.38,1.37,1.43,1.62,1.91,2.20,2.41,2.48,2.48,2.41,2.22,1.92
12,21,1.52,1.13,0.79,0.59,0.55,0.63,0.80,0.97,1.16,1.34,1.44,1.47,1.41,1.36,1.38,1.49,1.74,2.04,2.32,2.47,2.50,2.48,2.35,2.12
12,22,1.77,1.35,0.98,0.68,0.55,0.57,0.70,0.89,1.06,1.24,1.39,1.45,1.45,1.39,1.37,1.41,1.57,1.85,2.15,2.39,2.48,2.49,2.43,2.26
12,23,1.99,1.60,1.20,0.86,0.62,0.57,0.64,0.81,0.98,1.15,1.32,1.43,1.47,1.44,1.38,1.38,1.45,1.66,1.94,2.21,2.39,2.44,2.43,2.34
12,24,2.15,1.84,1.45,1.08,0.78,0.62,0.63,0.75,0.93,1.08,1.24,1.38,1.46,1.49,1.44,1.41,1.41,1.50,1.72,1.98,2.22,2.33,2.36,2.33
12,25,2.22,2.01,1.69,1.32,0.99,0.75,0.67,0.73,0.88,1.05,1.18,1.33,1.45,1.52,1.53,1.48,1.45,1.44,1.54,1.74,1.97,2.15,2.22,2.23
12,26,2.19,2.08,1.86,1.54,1.22,0.95,0.78,0.76,0.86,1.03,1.17,1.29,1.43,1.54,1.61,1.59,1.53,1.48,1.46,1.55,1.70,1.88,2.01,2.05
12,27,2.06,2.02,1.92,1.71,1.43,1.17,0.95,0.85,0.88,1.01,1.19,1.31,1.43,1.56,1.66,1.71,1.68,1.60,1.50,1.45,1.49,1.59,1.73,1.81
12,28,1.85,1.85,1.83,1.76,1.58,1.37,1.16,1.00,0.96,1.03,1.19,1.36,1.49,1.61,1.72,1.82,1.84,1.77,1.64,1.49,1.38,1.35,1.41,1.51
12,29,1.57,1.61,1.63,1.65,1.61,1.50,1.34,1.18,1.09,1.09,1.19,1.37,1.55,1.70,1.82,1.92,1.99,1.97,1.86,1.66,1.43,1.25,1.16,1.17
12,30,1.24,1.31,1.37,1.42,1.48,1.50,1.45,1.35,1.24,1.18,1.21,1.35,1.56,1.77,1.93,2.05,2.13,2.17,2.10,1.92,1.65,1.34,1.08,0.92
12,31,0.90,0.96,1.05,1.14,1.24,1.36,1.44,1.44,1.38,1.30,1.27,1.32,1.49,1.74,1.99,2.17,2.28,2.34,2.34,2.22,1.97,1.61,1.22,0.88
